name,owner,full_name,description,stars,gameScore,gameType,language,license,homepage,html_url,topics,pushed_at
Babylon.js,BabylonJS,BabylonJS/Babylon.js,"Babylon.js is a powerful, beautiful, simple, and open game and rendering engine packed into a friendly JavaScript framework.",24459,24729,other,TypeScript,Apache-2.0,http://www.babylonjs.com,https://github.com/BabylonJS/Babylon.js,3d|babylon|game-development|game-engine|game-engine-3d|typescript|webaudio|webgl|webgl2|webgpu|webvr|webxr,2025-08-26T16:23:23Z
xterm.js,xtermjs,xtermjs/xterm.js,A terminal for the web,19027,19295,other,TypeScript,MIT,https://xtermjs.org/,https://github.com/xtermjs/xterm.js,console|development|javascript|pty|ssh|terminal|terminal-emulators|tty|typescript|vt100|webgl|xterm,2025-08-24T13:08:57Z
2048,gabrielecirulli,gabrielecirulli/2048,The source code for 2048 ,12851,12961,maze,JavaScript,MIT,https://play2048.co,https://github.com/gabrielecirulli/2048,2048|2048-game|game|javascript|online-game|puzzle-game,2024-10-24T13:06:19Z
engine,playcanvas,playcanvas/engine,"Powerful web graphics runtime built on WebGL, WebGPU, WebXR and glTF",10789,11089,other,JavaScript,MIT,https://playcanvas.com,https://github.com/playcanvas/engine,3d-gaussian-splatting|game-development|game-engine|gamedev|gaussian-splatting|gltf|javascript|nodejs|playcanvas|typescript|virtual-reality|webgl|webgl2|webgpu|webxr,2025-08-26T08:11:14Z
react-diagrams,projectstorm,projectstorm/react-diagrams,"a super simple, no-nonsense diagramming library written in react that just works",9013,9213,other,TypeScript,MIT,https://projectstorm.cloud/react-diagrams,https://github.com/projectstorm/react-diagrams,beta|canvas|demo|diagram|diagrams|drag|editing-diagrams|factories|flowchart|modular|react|svg|typescript|visualization|web,2025-04-03T17:33:25Z
tsparticles,tsparticles,tsparticles/tsparticles,"tsParticles - Easily create highly customizable JavaScript particles effects, confetti explosions and fireworks animations and use them as animated backgrounds for your website. Ready to use components available for React.js, Vue.js (2.x and 3.x), Angular, Svelte, jQuery, Preact, Inferno, Solid, Riot and Web Components.",8427,8776,other,TypeScript,MIT,https://particles.js.org,https://github.com/tsparticles/tsparticles,2d|angular|animations|bg|canvas|confetti|fireworks|hacktoberfest|html|javascript|js|npm|particles|react|svelte|ts|tsparticles|typescript|vue|web,2025-08-25T17:55:05Z
canvas-editor,Hufe921,Hufe921/canvas-editor,rich text editor by canvas/svg,4463,4783,other,TypeScript,MIT,https://hufe.club/canvas-editor-docs,https://github.com/Hufe921/canvas-editor,ai|browser|canvas|canvas-editor|control|date-picker|editor|emr|latex|pdf|pdf-generation|rich-text|svg|typescript|vite|word|wysiwyg,2025-08-26T14:26:43Z
visualization-collection,hepengwei,hepengwei/visualization-collection,ğŸŒˆ ä¸€ä¸ªä¸“æ³¨äºå‰ç«¯è§†è§‰æ•ˆæœçš„é›†åˆåº”ç”¨ï¼ŒåŒ…å«CSSåŠ¨æ•ˆã€CanvasåŠ¨ç”»ã€Three.js3Dã€äººå·¥æ™ºèƒ½åº”ç”¨ç­‰ä¸Šç™¾ä¸ªæ¡ˆä¾‹ï¼ˆæŒç»­æ›´æ–°ï¼‰,4479,4647,other,TypeScript,MIT,,https://github.com/hepengwei/visualization-collection,canvas|collection|css3|frontend|javascript|react|threejs|typescript|visualization,2025-08-04T11:45:01Z
MCSManager,MCSManager,MCSManager/MCSManager,"Quick deployment, distributed, multi-user, modern management panel for Minecraft and Steam game servers  /  ä¸€é”®å®‰è£…ï¼Œåˆ†å¸ƒå¼æ¶æ„ï¼Œå¤šç”¨æˆ·é”€å”®ï¼Œç°ä»£åŒ–çš„ Minecraft å’Œ Steam æ¸¸æˆæœåŠ¡å™¨ç®¡ç†é¢æ¿",4079,4308,digging,TypeScript,Apache-2.0,https://mcsmanager.com,https://github.com/MCSManager/MCSManager,docker|mcsmanager|minecraft|minecraft-server-software|nodejs|server-web-panel|steam-game-server-manager|webshell,2025-08-25T12:00:45Z
umbrella,thi-ng,thi-ng/umbrella,"â›±  Broadly scoped ecosystem & mono-repository of 210 TypeScript projects (and ~185 examples) for general purpose, functional, data driven development",3635,3980,other,TypeScript,Apache-2.0,https://thi.ng,https://github.com/thi-ng/umbrella,color|data-structures|dsl|functional-programming|geometry|html|monorepo|parser-combinators|reactive-programming|shadergraph|streams|tensors|transducers|typescript|ui|vectors|visualization|webassembly|webgl|ziglang,2025-08-21T21:28:34Z
supersplat,playcanvas,playcanvas/supersplat,3D Gaussian Splat Editor,2669,2894,other,TypeScript,MIT,https://superspl.at/editor,https://github.com/playcanvas/supersplat,3d-gaussian-splatting|3dgs|gaussian-splatting|pcui|playcanvas|typescript|webgl|webgpu,2025-08-21T09:22:59Z
biomes-game,ill-inc,ill-inc/biomes-game,"Biomes is an open source sandbox MMORPG built for the web using web technologies such as Next.js, Typescript, React and WebAssembly.",2604,2764,other,TypeScript,MIT,https://www.biomes.gg,https://github.com/ill-inc/biomes-game,browser|browser-game|engine|games|mmo|mmorpg-game|mmorpg-server|nextjs|nodejs|react|reactjs,2023-11-10T03:57:49Z
Sabaki,SabakiHQ,SabakiHQ/Sabaki,An elegant Go board and SGF editor for a more civilized age.,2565,2735,other,JavaScript,MIT,https://sabaki.yichuanshen.de/,https://github.com/SabakiHQ/Sabaki,baduk|board-game|electron|go|goban|igo|javascript|linux|macos|sgf|weiqi|windows,2024-03-23T00:57:20Z
Excalibur,excaliburjs,excaliburjs/Excalibur,ğŸ® Your friendly TypeScript 2D game engine for the web ğŸ—¡ï¸,2062,2302,other,TypeScript,BSD-2-Clause,https://excaliburjs.com,https://github.com/excaliburjs/Excalibur,excalibur|excaliburjs|game-development|game-engine|game-framework|gamedev|games|html5-canvas|typescript,2025-08-26T13:41:01Z
LayaAir,layabox,layabox/LayaAir,LayaAir is a fully platform rendering engine with rich 2D/3D rendering capabilities and a mature integrated development platform,1940,2200,platformer,TypeScript,MIT,https://www.layaair.com/,https://github.com/layabox/LayaAir,2d-game-engine|3d-engine|html|html5|javascript|minigames|physics|typescript|webgl|webgl2|webgpu,2025-08-26T08:26:10Z
t-rex-runner,wayou,wayou/t-rex-runner,the t-rex runner game extracted from chromium,2083,2183,other,JavaScript,BSD-3-Clause,https://chromedino.com,https://github.com/wayou/t-rex-runner,chrome|easter-egg|google|javascript|t-rex-runner,2024-07-28T08:43:00Z
pinus,node-pinus,node-pinus/pinus,"A fast,scalable,distributed game server framework for Node.js, Powered by TypeScript.  ä¸€ä¸ªTypeScriptå†™çš„node.jsåˆ†å¸ƒå¼æ¸¸æˆ/åº”ç”¨æœåŠ¡å™¨æ¡†æ¶ï¼ˆåŸå‹åŸºäºpomeloï¼‰ã€‚",1909,2069,other,JavaScript,MIT,https://pinus.io,https://github.com/node-pinus/pinus,game-server|nodejs|typescript,2025-08-06T09:27:08Z
r2modmanPlus,ebkr,ebkr/r2modmanPlus,A simple and easy to use mod manager for several games using Thunderstore,1680,1970,other,TypeScript,MIT,,https://github.com/ebkr/r2modmanPlus,content-warning|core-keeper|dyson-sphere-program|for-the-king|gtfo|h3vr|lethal-company|mechanica|mod-manager|modding|muck|northstar|outward|risk-of-rain-2|rounds|subnautica|talespire|titanfall-2|valheim,2025-08-26T12:04:47Z
modern-screenshot,qq15725,qq15725/modern-screenshot,ğŸ“¸ Quickly generate image from DOM node using HTML5 canvas and SVG.,1710,1963,other,TypeScript,MIT,https://toolpkg.com/html-to-image,https://github.com/qq15725/modern-screenshot,canvas|dom|dom-to-image|html-to-image|html2canvas|image|javascript|modern-screenshot|screenshot|svg|typescript,2025-08-19T15:53:59Z
wasm4,aduros,aduros/wasm4,Build retro games using WebAssembly for a fantasy console.,1389,1732,other,TypeScript,ISC,https://wasm4.org,https://github.com/aduros/wasm4,2d-game-engine|assemblyscript|d|dlang|emscripten|fantasy-computer|fantasy-console|game-development|gamedev|go|golang|nelua|nim|odin|retrogaming|rust|typescript|wasm|webassembly|zig,2025-08-19T17:03:34Z
HexGL,BKcore,BKcore/HexGL,"Source code of HexGL, a futuristic HTML5 racing game",1660,1710,driving,JavaScript,MIT,http://hexgl.bkcore.com,https://github.com/BKcore/HexGL,,2024-06-29T03:59:36Z
pacman,mumuy,mumuy/pacman,åŸºäºHTML5çš„åƒè±†äººæ¸¸æˆ - ç»å…¸æ¸¸æˆå¼€å‘æ ·ä¾‹_Pacman based on HTML5,1589,1699,other,JavaScript,MIT,https://passer-by.com/pacman/,https://github.com/mumuy/pacman,canvas|html5|html5-game|javascript|javascript-game|pacman,2024-09-23T10:50:13Z
kaplay,kaplayjs,kaplayjs/kaplay,ğŸ¦– A JavaScript/TypeScript Game Library that feels like a game.,1164,1393,other,TypeScript,MIT,https://kaplayjs.com,https://github.com/kaplayjs/kaplay,game-dev|game-development|game-engine|game-library|javascript|kaboom-js|kaboomjs|typescript,2025-08-25T13:29:37Z
recorder,2fps,2fps/recorder,html5 js æµè§ˆå™¨ webç«¯å½•éŸ³,1193,1353,other,JavaScript,MIT,https://recorder.zhuyuntao.cn/,https://github.com/2fps/recorder,audio|html5|javascript|lu-yin|mp3|pcm|recorder|typescript|wav|web|webaudio,2022-12-09T19:43:40Z
lazy-brush,dulnan,dulnan/lazy-brush,"Smooth drawing with mouse, finger or other pointing device",1119,1239,other,TypeScript,MIT,https://lazybrush.dulnan.net/,https://github.com/dulnan/lazy-brush,brush|canvas|drawing|javascript|lazy|painting|typescript,2024-09-14T12:27:29Z
TDungeon,cassiozen,cassiozen/TDungeon,TDungeon is a small adventure game that runs in the Typescript type system,1186,1186,other,TypeScript,MIT,,https://github.com/cassiozen/TDungeon,,2022-09-23T17:54:33Z
glas,lume,lume/glas,WebGL in WebAssembly with AssemblyScript,914,1164,other,TypeScript,MIT,https://lume.io,https://github.com/lume/glas,3d|3d-engine|3d-game-engine|3d-graphics|assemblyscript|creative-coding|game-dev|game-development|game-engine|gamedev|games|glas|lume|three|three-js|threejs|typescript|wasm|webassembly|webgl,2024-08-30T19:02:43Z
genshin-optimizer,frzyc,frzyc/genshin-optimizer,An Artifact optimizer for Genshin Impact(And other Gacha games).,872,1131,other,TypeScript,MIT,https://frzyc.github.io/genshin-optimizer/,https://github.com/frzyc/genshin-optimizer,artifact|community-driven|genshin-impact|hacktoberfest|hacktoberfest2023|monorepo|optimizer|react|star-rail|tool|typescript|zenless-zone-zero,2025-08-15T21:52:53Z
phaser3-typescript,digitsensitive,digitsensitive/phaser3-typescript,Phaser 3 and TypeScript,1019,1109,other,TypeScript,MIT,,https://github.com/digitsensitive/phaser3-typescript,html5-game|phaser|phaser-boilerplate|phaser-framework|phaser-game|phaser-tutorial|phaser3|phaser3-example|typescript,2024-03-27T13:54:27Z
suika,F-star,F-star/suika,A Web Graphics Editor Built with Canvas. åŸºäº Canvas å®ç°çš„å›¾å½¢ç¼–è¾‘å™¨,859,1097,other,TypeScript,MIT,https://blog.fstars.wang/app/suika/,https://github.com/F-star/suika,canvas|canvas-editor|design-editor|figma|graph-editor-gui|graphics|graphics-editor|typescript|visualization,2025-08-24T12:32:50Z
underrun,phoboslab,phoboslab/underrun,Twin stick shooter game in 13kb of JavaScript/WebGL,1094,1094,fps,JavaScript,MIT,,https://github.com/phoboslab/underrun,,2022-01-26T19:29:41Z
smooth-signature,linjc,linjc/smooth-signature,H5å¸¦ç¬”é”‹æ‰‹å†™ç­¾åï¼Œæ”¯æŒPCç«¯å’Œç§»åŠ¨ç«¯ï¼Œä»»ä½•å‰ç«¯æ¡†æ¶å‡å¯ä½¿ç”¨,978,1088,other,TypeScript,MIT,https://linjc.github.io/smooth-signature/,https://github.com/linjc/smooth-signature,canvas|javascript|react-signature|signature|typescript|vue-signature,2025-04-17T11:24:01Z
editor,playcanvas,playcanvas/editor,"Browser-based visual editor for building WebGL, WebGPU, WebXR apps",715,1001,other,TypeScript,MIT,https://playcanvas.com,https://github.com/playcanvas/editor,editor|frontend|game-development|game-engine|gamedev|nodejs|pcui|playcanvas|typescript|ui|webgl|webgl2|webgpu|webxr,2025-08-22T13:53:53Z
miniplex,hmans,hmans/miniplex,"A ğŸ‘©â€ğŸ’» developer-friendly entity management system for ğŸ•¹ games and similarly demanding applications, based on ğŸ›  ECS architecture.",932,992,other,TypeScript,MIT,,https://github.com/hmans/miniplex,ecs|entity-component-system|game-development|react|state-management|typescript,2023-11-09T15:50:41Z
pcui,playcanvas,playcanvas/pcui,UI component library for web-based tools,717,933,other,TypeScript,MIT,https://developer.playcanvas.com/user-manual/pcui/,https://github.com/playcanvas/pcui,pcui|playcanvas|react|sass|typescript|ui|ui-components,2025-08-22T17:15:29Z
flatdraw,diogocapela,diogocapela/flatdraw,"A simple canvas drawing web app with responsive UI. Made with TypeScript, React, and Next.js.",799,889,other,TypeScript,MIT,https://flatdraw.pages.dev,https://github.com/diogocapela/flatdraw,canvas|nextjs|react|typescript,2024-05-11T02:11:06Z
openplayerjs,openplayerjs,openplayerjs/openplayerjs,Lightweight HTML5 video/audio player with smooth controls and ability to play VAST/VPAID/VMAP ads,614,883,other,TypeScript,MIT,https://www.openplayerjs.com,https://github.com/openplayerjs/openplayerjs,audio|dash|hls|html5|html5-audio|html5-video|html5-video-player|javascript|openplayerjs|player|typescript|vast|video,2025-08-15T11:11:35Z
react,tsparticles,tsparticles/react,React tsParticles official component,541,854,other,JavaScript,MIT,https://particles.js.org,https://github.com/tsparticles/react,2d|animations|canvas|confetti|fireworks|hacktoberfest|javascript|js|npm|particles|particles-js|react|reactjs|ts|tsparticles|typescript|web,2025-08-19T16:46:46Z
Broprint.js,Rajesh-Royal,Rajesh-Royal/Broprint.js,"The world's easiest, smallest and powerful visitor identifier for browsers.",540,811,other,TypeScript,MIT,https://broprintjs.netlify.app/,https://github.com/Rajesh-Royal/Broprint.js,audio-fingerprinting|browserfingerprint|canvas-fingerprinting|cryptography|fingerprinting|frauddetection|identification|javascript|jsfingerprint|reactjs|typescript|uniquebrowserid|visitor-identifier,2025-08-17T14:55:13Z
phaser-catch-the-cat,ganlvtech,ganlvtech/phaser-catch-the-cat,An HTML5 game 'Catch The Cat' powered by Phaser 3,700,800,other,TypeScript,MIT,https://ganlvtech.github.io/phaser-catch-the-cat/,https://github.com/ganlvtech/phaser-catch-the-cat,game|javascript|phaser|phaser3|typescript,2022-12-25T14:08:41Z
spectro,calebj0seph,calebj0seph/spectro,ğŸ¶ Real-time audio spectrogram generator for the web,579,799,other,TypeScript,MIT,https://calebj0seph.github.io/spectro,https://github.com/calebj0seph/spectro,app|application|audio|audio-visualizer|dsp|fft|javascript|material-design|material-ui|microphone|react|sound|spectrogram|typescript|web|webgl|webgl-experiments,2023-03-02T19:31:41Z
model-viewer,playcanvas,playcanvas/model-viewer,3D Model Viewer supporting glTF and 3D Gaussian Splats,540,762,other,TypeScript,MIT,https://playcanvas.com/viewer,https://github.com/playcanvas/model-viewer,3d-gaussian-splatting|gaussian-splatting|gltf|javascript|pcui|playcanvas|typescript|webgl,2025-08-18T08:04:40Z
flying-squid,PrismarineJS,PrismarineJS/flying-squid,"Create Minecraft servers with a powerful, stable, and high level JavaScript API.",581,756,digging,JavaScript,MIT,https://prismarinejs.github.io/flying-squid/,https://github.com/PrismarineJS/flying-squid,game|minecraft|minecraft-server|protocol|server|voxel,2025-07-22T07:37:13Z
virtual-background,Volcomix,Volcomix/virtual-background,Demo on adding virtual background to a live video stream in the browser,512,742,other,TypeScript,Apache-2.0,https://volcomix.github.io/virtual-background,https://github.com/Volcomix/virtual-background,background|bodypix|demo|mediapipe|mlkit|react|segmentation|selfie|shaders|simd|stream|tensorflow|tfjs|tflite|typescript|video|wasm|webgl,2024-04-07T10:52:19Z
github-breakout,cyprieng,cyprieng/github-breakout,Generate a Breakout game SVG from a GitHub user's contributions graph,532,724,escape,TypeScript,MIT,https://www.cyprien.io/projects/github-breakout/,https://github.com/cyprieng/github-breakout,breakout|breakout-game|fortheloveofcode|github-actions|github-contribution-graph|github-readme-profile|svg|svg-animations,2025-07-19T17:43:12Z
skinview3d,bs-community,bs-community/skinview3d,Three.js powered Minecraft skin viewer.,623,723,digging,TypeScript,MIT,https://skinview3d-demo.vercel.app,https://github.com/bs-community/skinview3d,minecraft|minecraft-cape|minecraft-skin|skin-viewer|skinview3d,2025-05-06T13:10:36Z
rune,rune,rune/rune,"Build multiplayer web games played by millions! ğŸ‘¾ You focus on your game, Rune handles everything else, incl. backend and networking ğŸš€ Make your game using JavaScript / TypeScript and any frontend web framework such as React, Svelte, Vue, Threejs, PixiJS, Phaser. You can even use plain HTML and CSS. Perfect for web devs interested in gamedev.",391,712,multiplayer,TypeScript,MIT,https://developers.rune.ai/,https://github.com/rune/rune,backend|css|dusk|framework|frontend|game|game-development|game-engine|gamedev|html|javascript|multiplayer|networking|phaser|react|rune|svelte|threejs|typescript|web,2025-07-28T15:23:51Z
netplayjs,rameshvarun,rameshvarun/netplayjs,"Make P2P multiplayer browser games, no server hosting or synchronization code required. Powered by rollback netcode + WebRTC.",536,696,multiplayer,TypeScript,ISC,https://rameshvarun.github.io/netplayjs/,https://github.com/rameshvarun/netplayjs,game-development|game-networking|gamedev|multiplayer|multiplayer-browser-game|multiplayer-game|p2p|rollback-netcode|threejs|typescript|webrtc,2024-10-10T07:40:04Z
voxelize,voxelize,voxelize/voxelize,":mushroom: Build your own voxel games with Voxelize! Multiplayer, optimized, highly customizable full stack library.",491,692,multiplayer,TypeScript,MIT,https://shaoruu.io,https://github.com/voxelize/voxelize,baltaazr|game|game-engine|gamedev|javascript|rust|shaoruu|threejs|typescript|voxelize,2025-07-08T17:07:02Z
watermark-js-plus,zhensherlock,zhensherlock/watermark-js-plus,watermark for the browser,488,677,other,TypeScript,MIT,https://zhensherlock.github.io/watermark-js-plus/,https://github.com/zhensherlock/watermark-js-plus,canvas|javascript|typescript|watermark,2025-08-25T18:48:06Z
koota,pmndrs,pmndrs/koota,ğŸŒ Performant real-time state management for React and TypeScript,488,666,other,TypeScript,ISC,,https://github.com/pmndrs/koota,data-oriented-design|data-oriented-programming|ecs|entity-component-system|game-development|javascript|react|typescript,2025-08-24T18:04:09Z
Chess,itlwei,itlwei/Chess,ä¸­å›½è±¡æ£‹ - in html5,606,656,strategy,JavaScript,MIT,https://itlwei.github.io/Chess/,https://github.com/itlwei/Chess,,2022-02-13T03:31:08Z
OpenTGX,qilinshuyuan,qilinshuyuan/OpenTGX,"A game development solution using typescript, can make 2d&3d games for all platforms easily. Based on Cocos Creator( support WebGL|WebGPU|Metal|Vulkan|OpenGLES ), can work with all server side solutions(such as Go, NodeJS, Java, C#, etc).",646,647,platformer,TypeScript,MIT,,https://github.com/qilinshuyuan/OpenTGX,,2025-05-19T15:47:18Z
phaser-ce-npm-webpack-typescript-starter-project,rroylance,rroylance/phaser-ce-npm-webpack-typescript-starter-project,"Project to get you started with your Phaser-CE (using the npm module) game using Typescript and Webpack for building! No hassle asset management, Google Web Font loader, live server, development vs distribution build pipeline, Electron packaging for desktop builds, and more...",425,645,other,JavaScript,Unlicense,https://rroylance.github.io/phaser-npm-webpack-typescript-starter-project/,https://github.com/rroylance/phaser-ce-npm-webpack-typescript-starter-project,app|desktop|electron|game|linux|loader|mac|mobile|node|npm|osx|phaser|phaser-ce|template|typescript|webpack|windows,2023-01-14T00:02:32Z
React-2048-game,devrsi0n,devrsi0n/React-2048-game,":video_game: A fancy 2048 game build with react, redux best practices.",483,633,maze,JavaScript,MIT,https://devrsi0n.github.io/React-2048-game/,https://github.com/devrsi0n/React-2048-game,2048|eslint|game|herokuapp|prettier|pwa|react|redux|scss|stylelint,2024-12-08T22:40:13Z
CookieMonster,CookieMonsterTeam,CookieMonsterTeam/CookieMonster,Addon for Cookie Clicker that offers a wide range of tools and statistics to enhance the game,526,631,clicker,JavaScript,MIT,,https://github.com/CookieMonsterTeam/CookieMonster,addon|cookie-clicker,2025-08-11T19:04:14Z
minecraft-threejs,vyse12138,vyse12138/minecraft-threejs,"Minecraft clone made with three.js, demo: https://mc.yulei.me",536,626,digging,TypeScript,MIT,https://mc.yulei.me,https://github.com/vyse12138/minecraft-threejs,javascript|minecraft|threejs|typescript,2023-04-16T05:05:35Z
angular-tetris,trungvose,trungvose/angular-tetris,Tetris game built with Angular and Akita ğŸ®,544,624,other,TypeScript,MIT,https://tetris.trungk18.com,https://github.com/trungvose/angular-tetris,akita|angular|typescript,2025-04-10T13:34:47Z
Astray,wwwtyro,wwwtyro/Astray,A WebGL maze game built with Three.js and Box2dWeb.,564,614,maze,JavaScript,Unlicense,https://wwwtyro.github.io/Astray,https://github.com/wwwtyro/Astray,,2023-04-09T09:59:48Z
ordinary-puzzles-app,mmazzarolo,mmazzarolo/ordinary-puzzles-app,Mobile and web puzzle game built with React-Native,493,613,maze,TypeScript,MIT,https://www.ordinarypuzzles.com/,https://github.com/mmazzarolo/ordinary-puzzles-app,game|mobx|puzzle|react|react-native|typescript|web,2023-02-05T19:33:41Z
thing-editor,Megabyteceer,Megabyteceer/thing-editor,pixi.js based visual game editor,377,607,other,TypeScript,MIT,,https://github.com/Megabyteceer/thing-editor,2d-game|editor|game|game-engine|gamedev|games|html5-game-development|javascript|pixi-js|pixijs|typescript|unity-analogue|webgl,2025-08-26T16:29:46Z
PhaserEditor2D-v3,PhaserEditor2D,PhaserEditor2D/PhaserEditor2D-v3,A web-based IDE for HTML5 game development. Powered by Phaser.,472,592,other,JavaScript,MIT,https://phasereditor2d.com,https://github.com/PhaserEditor2D/PhaserEditor2D-v3,browser-game|html5|ide|phaser|phaser-editor|typescript|videogames,2024-04-25T23:42:56Z
SC_Js,gloomyson,gloomyson/SC_Js,"Classic RTS game using html5 canvas and javascript, only js codes, all copyrighted materials removed",591,591,strategy,JavaScript,MIT,,https://github.com/gloomyson/SC_Js,,2017-10-09T13:03:46Z
minecraft-react,satansdeer,satansdeer/minecraft-react,A simple blocky game implementation using React and ThreeJS,496,566,digging,JavaScript,MIT,https://www.youtube.com/watch?v=Lc2JvBXMesY,https://github.com/satansdeer/minecraft-react,minecraft|react,2024-04-10T16:33:25Z
vue-aplayer,MoePlayer,MoePlayer/vue-aplayer,ğŸ° A beautiful HTML5 music player for Vue.js,467,557,other,TypeScript,MIT,https://aplayer.moefe.org/,https://github.com/MoePlayer/vue-aplayer,aplayer|typescript|vue|vue-aplayer,2022-04-16T15:05:15Z
node-csgo,joshuaferrara,joshuaferrara/node-csgo,A node-steam plugin for Counter-Strike: Global Offensive.,465,545,other,JavaScript,MIT,,https://github.com/joshuaferrara/node-csgo,counter-strike|csgo|game-coordinator|javascript|node-steam|nodejs|npm|steam,2023-09-27T00:59:51Z
EasyGameFrameworkOpen,AILHC,AILHC/EasyGameFrameworkOpen,åŸºäºTypescriptçš„æ¸è¿›å¼é€šç”¨æ¸¸æˆå‰ç«¯å¼€å‘æ¡†æ¶,318,538,other,TypeScript,MIT,https://ailhc.github.io/EasyGameFrameworkOpen,https://github.com/AILHC/EasyGameFrameworkOpen,broadcast|cocos|cocos-creator|easy-to-use|egf|egret|framework|game-dev|laya|lerna|monorepo|monorepo-lerna|phaser|pixijs|rollup|typescript|yarn,2024-04-11T06:54:36Z
psn-api,achievements-app,achievements-app/psn-api,"A JavaScript library that lets you get trophy, user, and game data from the PlayStation Network.",334,530,other,TypeScript,MIT,https://psn-api.achievements.app,https://github.com/achievements-app/psn-api,achievements|nodejs|playstation|ps4|ps5|psn|trophies|typescript,2025-07-23T16:06:38Z
3D-Hartwig-chess-set,juliangarnier,juliangarnier/3D-Hartwig-chess-set,3D chess game done in HTML/CSS/JS,524,524,strategy,JavaScript,MIT,,https://github.com/juliangarnier/3D-Hartwig-chess-set,,2023-03-31T20:40:37Z
minecraft-mcp-server,yuniko-software,yuniko-software/minecraft-mcp-server,"A Minecraft MCP Server powered by Mineflayer API. It allows to control a Minecraft character in real-time, allowing AI assistants to build structures, explore the world, and interact with the game environment through natural language instruction",234,493,digging,TypeScript,Apache-2.0,https://yuniko.software/mcp-server/,https://github.com/yuniko-software/minecraft-mcp-server,artificial-intelligence|claude|javascript|large-language-models|mcp|mcp-server|minecraft|modelcontextprotocol|natural-language-processing|nodejs|typescript,2025-08-25T11:20:40Z
phaser-project-template,yandeu,yandeu/phaser-project-template,ğŸ•¹ï¸ Phaser 3 - Starter Template with TypeScript and webpack.,423,493,other,TypeScript,MIT,,https://github.com/yandeu/phaser-project-template,html5-game|phaser|project-template|pwa|starter-template|typescript|webpack,2023-01-24T15:11:33Z
lootscraper,eikowagenknecht,eikowagenknecht/lootscraper,"RSS feeds and Telegram bot for free game and loot offers. Supports Steam, Epic, Amazon Games, GOG, Humble and more.",211,480,strategy,TypeScript,MIT,,https://github.com/eikowagenknecht/lootscraper,amazon-games|bot|docker|epic-games|epic-games-store|feed|free-games|freebies|gog|humble-bundle|itchio|playwright|prime-gaming|rss|steam|telegram|typescript,2025-08-25T18:16:23Z
uniapp,aiplat,aiplat/uniapp,åŸºäºuni-appï¼Œä¸€æ¬¡å¼€å‘ï¼ŒåŒæ—¶æ‰“åŒ…æˆAndroidç‰ˆappã€iOSç‰ˆappã€H5ç‰ˆã€å¾®ä¿¡/æ”¯ä»˜å®/å¤´æ¡/ç™¾åº¦/QQ/é’‰é’‰/æ·˜å®/360ç­‰ç­‰å°ç¨‹åºç‰ˆã€å¿«åº”ç”¨ï¼Œå¤šä¸ªå¹³å°ï¼Œç•Œé¢ç»Ÿä¸€ï¼ŒåŠŸèƒ½ä¸€è‡´ã€‚æ–°å¼•å…¥electronç”¨äºæ”¯æŒæ‰“åŒ…PCç«¯(Windowsã€Macã€Linux)å®‰è£…åŒ…,358,478,other,TypeScript,Apache-2.0,https://aiplat.com,https://github.com/aiplat/uniapp,css3|electron|html5|typescript|uni-app|vue|vuex,2022-04-16T08:27:57Z
2048-in-react,mateuszsokola,mateuszsokola/2048-in-react,:joystick: 2048 game in Next.js with awesome animations!,223,473,maze,TypeScript,MIT,https://mateuszsokola.github.io/2048-in-react/,https://github.com/mateuszsokola/2048-in-react,2048|2048-clone|2048-game|animations|course|javascript|js|learn-to-code|next|nextjs|node|nodejs|online-learning|react|screencast|ts|tutorial|typescript|udemy|udemy-course,2024-09-01T14:14:51Z
uno-game,guilhermebkel,guilhermebkel/uno-game,:flower_playing_cards: An UNO Game made in Javascript,238,458,driving,TypeScript,MIT,https://uno.guilherr.me,https://github.com/guilhermebkel/uno-game,eslint|express|game|games|git-commit-message-linter|husky|javascript|jsgames|lerna|lint-staged|material-ui|react-dnd|reactjs|socketio|typescript|uno|uno-game,2024-04-16T16:29:11Z
element,lume,lume/element,Fast and simple custom elements.,163,449,other,TypeScript,MIT,https://docs.lume.io,https://github.com/lume/element,3d|3d-graphics|css|custom-elements|html|html-elements|javascript|jsx|lume|shadow-dom|solid|threejs|tsx|typescript|web-components|webgl,2025-08-03T05:57:04Z
vnve,vnve,vnve/vnve,ğŸ¬  VNVE (Visual Novel Video Editor) Make visual novel videos in browser åœ¨æµè§ˆå™¨ä¸­å¿«é€Ÿåˆ¶ä½œè§†è§‰å°è¯´è§†é¢‘ï¼Œåˆ©ç”¨AIä¸€é”®ç”Ÿæˆï¼ ,186,426,other,TypeScript,MIT,https://www.vnve.net,https://github.com/vnve/vnve,canvas-to-video|galgame|interactive-video|pixijs|pixijs-to-video|typescript|video-editor|visualnovel|webcodecs,2025-08-26T15:06:35Z
generator-easy-ui5,ui5-community,ui5-community/generator-easy-ui5,Meta-generator various project types within the UI5 Universe,261,426,other,JavaScript,Apache-2.0,https://blogs.sap.com/2021/04/09/easy-ui5-3.0-from-community-contributions-to-community-plugins/,https://github.com/ui5-community/generator-easy-ui5,html5-application|open-source|openui5|sap-btp,2025-08-01T11:57:45Z
3d-earth,GhostCatcg,GhostCatcg/3d-earth,Create a 3D Earth using Three.js and TypeScript.,345,425,other,TypeScript,MIT,https://gcat.cc/demo/earth,https://github.com/GhostCatcg/3d-earth,earth|threejs|typescript,2024-01-16T10:19:57Z
break_infinity.js,Patashu,Patashu/break_infinity.js,"A replacement for decimal.js for incremental games who want to deal with very large numbers (bigger in magnitude than 1e308, up to as much as 1e(9e15) ) and want to prioritize speed over accuracy.",225,424,clicker,TypeScript,MIT,,https://github.com/Patashu/break_infinity.js,bigdecimal|biginteger|bignum|bignumber|bignumbers|decimal|idle-game|incremental-game|number|numbers,2025-08-26T02:46:34Z
webgpu-seed,alaingalvan,alaingalvan/webgpu-seed,ğŸ”ºğŸŒ± An example on how to render a hello triangle with WebGPU.,301,421,other,TypeScript,Unlicense,https://alain.xyz/blog/raw-webgpu,https://github.com/alaingalvan/webgpu-seed,definitions|dts|types|typescript|typescript-definitions|typings|webgpu,2023-04-17T21:56:31Z
node-globaloffensive,DoctorMcKay,DoctorMcKay/node-globaloffensive,A Node.js module to connect to and interact with the CS2 game coordinator. Mostly used to get item data.,310,410,other,JavaScript,MIT,https://www.npmjs.com/package/globaloffensive,https://github.com/DoctorMcKay/node-globaloffensive,counter-strike|csgo|node-steam-steamuser|steam|steam-account,2024-10-03T08:30:39Z
enari-engine,iErcann,iErcann/enari-engine,ThreeJS First Person Shooter Playground,236,408,fps,TypeScript,MIT,https://enari-engine.vercel.app,https://github.com/iErcann/enari-engine,ammojs|counterstrike|engine|fps|game|playground|threejs,2025-07-09T23:39:31Z
arcomage-hd,arcomage,arcomage/arcomage-hd,"Web-based, free and open source, remastered 3D clone of 3DO/NWC's 2000 card game Arcomage. 14 languages. Desktop or mobile Android iOS. Online or offline PWA. Against AI or Multiplayer (P2P, no server). ğŸ§ğŸ‘¾ğŸƒ (ts+react+redux+rxjs, CSS-based anim, WebRTC)",156,406,multiplayer,TypeScript,MIT,https://arcomage.github.io,https://github.com/arcomage/arcomage-hd,3do|arcomage|card-game|game|game-clone|might-and-magic|minigame|multiplayer|nwc|pwa|react|react-game|redux|redux-observable|remaster|rxjs|tower-defense|typescript|typescript-game|webrtc,2025-03-17T19:30:25Z
game-store-monorepo-app,nphivu414,nphivu414/game-store-monorepo-app,"A full-stack web & mobile app built with React/NodeJS that helps you find and discover over 500,000+ video games on your device. Powered by RAWG API.",164,403,other,TypeScript,MIT,https://mono-game-store.netlify.app/,https://github.com/nphivu414/game-store-monorepo-app,aws-lambda|graphql|nestjs-backend|nextjs|nodejs|nx-workspace|react|react-native|serverless|styled-components|tailwindcss|typescript|yarn,2025-07-17T05:06:14Z
c4,kenrick95,kenrick95/c4,ğŸ”´ğŸ”µ Connect Four game in JS + Canvas,265,399,other,TypeScript,MIT,https://kenrick95.github.io/c4/,https://github.com/kenrick95/c4,connect-four|game-2d|html5-canvas|html5-game|typescript-game|web-game,2025-06-12T01:07:47Z
mydog,ahuangege,ahuangege/mydog,typescriptç¼–å†™çš„åˆ†å¸ƒå¼æ¸¸æˆæœåŠ¡å™¨æ¡†æ¶ï¼ˆa distributed game server framework coded by typescriptï¼‰,255,395,other,TypeScript,MIT,https://www.mydog.wiki,https://github.com/ahuangege/mydog,framework|game|gameserver|mydog|nodejs|pomelo|rpc|server|typescript,2023-11-03T14:11:27Z
allkaraoke,Asvarox,Asvarox/allkaraoke,Online Karaoke game with pitch detection in your browser,160,389,multiplayer,TypeScript,MIT,https://allkaraoke.party,https://github.com/Asvarox/allkaraoke,game|karaoke|online-game|party|singstar|typescript|ultrastar|webrtc,2025-08-25T20:23:31Z
maxwell-simulation,RobinKa,RobinKa/maxwell-simulation, Interactive web-based simulator of electromagnetic waves,119,389,other,TypeScript,MIT,https://cemsim.com,https://github.com/RobinKa/maxwell-simulation,dielectric|electromagnetism|fdtd|fields|finite-differences|gpu|gpujs|integration|maxwell|numeric|permeability|permittivity|react|simulation|typescript|webgl,2025-07-17T22:35:15Z
chessu,dotnize,dotnize/chessu,"Online multiplayer chess built with Next.js, Express, & socket.io",95,381,strategy,TypeScript,MIT,,https://github.com/dotnize/chessu,chess|express|full-stack|fullstack|game|hacktoberfest|javascript|multiplayer|next-js|nextjs|postgresql|react|reactjs|socket|socket-io|socketio|sql|tailwind-css|tailwindcss|typescript,2025-08-12T07:55:38Z
react-tv-player,lewhunt,lewhunt/react-tv-player,"A React video player for TV devices, with customisable buttons and arrow-key navigation. The component can play a variety of URLs like file paths, HLS/Dash streams and even YouTube links directly. Try out the demo on a desktop browser to see how it can simplify playback in your big-screen web apps: https://lewhunt.github.io/react-tv-player",131,381,other,TypeScript,MIT,https://lewhunt.github.io/react-tv-player/,https://github.com/lewhunt/react-tv-player,big-screen|bigscreen|dash|firetv|html5-video|iptv|live-streaming|media-player|ott|player|react|reactjs|smart-tv|spatial-navigation|tv|typescript|video|video-player|vimeo|youtube,2025-04-23T16:04:33Z
ShieldBattery,ShieldBattery,ShieldBattery/ShieldBattery,The modern way to play StarCraft 1.,169,379,other,TypeScript,MIT,https://shieldbattery.net,https://github.com/ShieldBattery/ShieldBattery,brood-war|broodwar|game|starcraft|starcraft-remastered|starcraft1,2025-08-26T15:11:51Z
voidcall,phoboslab,phoboslab/voidcall,Real time strategy game in 13kb of JavaScript/WebGL ,378,378,strategy,JavaScript,MIT,,https://github.com/phoboslab/voidcall,,2019-09-23T09:27:36Z
radius-raid-js13k,jackrugile,jackrugile/radius-raid-js13k,"Radius Raid is a space themed shoot 'em up where you must blast away unrelenting enemies before they destroy you. The game features 13 enemy types, 5 powerups, parallax backgrounds, retro sound effects, and locally stored stats.",272,372,other,JavaScript,MIT,http://js13kgames.com/entries/radius-raid,https://github.com/jackrugile/radius-raid-js13k,game|javascript|js13k|js13kgames|radius-raid,2024-04-23T15:59:37Z
Tic-Tac-Toe-Fullstack-Game,hoangsonww,hoangsonww/Tic-Tac-Toe-Fullstack-Game,"ğŸ•¹ï¸ A full-stack, MERN-Typescript stack Tic Tac Toe game featuring a responsive React frontend and a robust Node.js/Express backend. Includes multiplayer and AI gameplay, a dynamic leaderboard with ELO rankings, and user profile management, all integrated with TypeScript and MongoDB.",26,370,multiplayer,TypeScript,MIT,https://tictactoe-ai-app.vercel.app,https://github.com/hoangsonww/Tic-Tac-Toe-Fullstack-Game,ai|express|expressjs|full-stack-web-development|fullstack|fullstack-development|jwt|kubernetes|mern-stack|mongodb|mongoose|nginx|node|nodejs|react|reactjs|tic-tac-toe|tic-tac-toe-game|typescript|webpack,2025-08-20T07:17:53Z
types,gpuweb,gpuweb/types,TypeScript type definitions for WebGPU https://gpuweb.github.io/types/ ,219,370,other,JavaScript,BSD-3-Clause,https://www.npmjs.com/package/@webgpu/types,https://github.com/gpuweb/types,typescript|webgpu,2025-08-07T19:05:08Z
galeforce,b-cho,b-cho/galeforce,"A customizable, promise-based, and command-oriented TypeScript fluent interface and library for the Riot Games API.",42,370,other,TypeScript,Apache-2.0,https://b-cho.github.io/galeforce/,https://github.com/b-cho/galeforce,es6|fluent-interface|galeforce|javascript|league-of-legends|leagueoflegends|legends-of-runeterra|lol|lor|nodejs|nodejs-library|redis|riot-api|riot-games|teamfight-tactics|tft|typescript|typescript-library|val|valorant,2025-08-05T02:04:52Z
dreamlab-engine,WorldQL,WorldQL/dreamlab-engine,"Modern 2D game engine for the web written in TypeScript. Featuring multiplayer support, graphical editor, collaborative editing, and more.",158,368,multiplayer,TypeScript,Apache-2.0,https://app.dreamlab.gg/,https://github.com/WorldQL/dreamlab-engine,deno|game-development|game-engine|gamedev|multiplayer|typescript,2025-08-26T16:31:13Z
game-website,sanidhyy,sanidhyy/game-website,Modern UI/UX 3D Animated Gaming Website using React and GSAP,58,364,other,TypeScript,MIT,https://nova-game.netlify.app,https://github.com/sanidhyy/game-website,3d-game|3d-web-game|3d-website|css|eslint|game|game-website|gsap|html|nextjs|prettier|react|reactjs|tailwindcss|typescript|vite|vitejs,2025-08-12T08:39:22Z
space,chat-game,chat-game/space,"A group of players are driving the Wagon from point A to point B, not knowing whether they will get there. Twitch viewers can use Telegram Mini App to make a lot of actions ğŸª“â›ï¸ğŸŒ±ğŸ¤",27,356,multiplayer,TypeScript,MIT,https://chatgame.space,https://github.com/chat-game/space,canvas|canvas-game|game|game-development|nuxt|online|online-game|pixel-art|pixijs|telegram|telegram-bot|telegram-mini-app|telegram-stars|twitch|twitch-api|twitch-chat|typescript|vue,2025-08-26T03:43:13Z
game-engine,litecanvas,litecanvas/game-engine,"Lightweight (~4kb) HTML5 canvas 2D engine suitable for small games, prototypes, creative coding, etc.",42,347,other,JavaScript,MIT,https://litecanvas.js.org/,https://github.com/litecanvas/game-engine,creative-coding|fantasy-console|game-development|game-engine|gamedev|generative-art|hacktoberfest|html5-canvas|javascript|javascript-game|js13k|litecanvas|p5js|pico-8|processing|tic-80|videogames,2025-08-12T02:15:53Z
online-chess,hulang1024,hulang1024/online-chess,Chess game website client and server.,76,346,strategy,TypeScript,MIT,http://120.27.138.202/,https://github.com/hulang1024/online-chess,chess|chinese-chess|client|game|gobang|gobang-game|html5|java|netty|server|spring|typescript|vue|web|websocket,2025-07-27T09:43:34Z
nakama-js,heroiclabs,heroiclabs/nakama-js,JavaScript client for Nakama server written in TypeScript.,215,345,other,TypeScript,Apache-2.0,https://heroiclabs.com/docs/nakama/client-libraries/javascript/,https://github.com/heroiclabs/nakama-js,game-server|javascript-client|nakama|nakama-js|nakama-server|react-native|realtime|realtime-chat,2025-02-12T15:26:48Z
pacman-canvas,platzhersh,platzhersh/pacman-canvas,"An old classic, re-written in HTML5.",345,345,other,JavaScript,CC0-1.0,,https://github.com/platzhersh/pacman-canvas,,2024-03-28T08:25:47Z
Warp,evolutionleo,evolutionleo/Warp,"Warp is a feature-rich framework for multiplayer games, written in GameMaker and NodeJS (previously GM-Online-Framework)",138,338,multiplayer,TypeScript,MIT,https://discord.gg/WRsgumM2T6,https://github.com/evolutionleo/Warp,framework|gamemaker|gamemaker-language|gamemaker-studio-2|gml|gms2|javascript|js-framework|multiplayer|nodejs|online|tcp-client|tcp-server|typescript|warp,2025-03-22T12:55:57Z
league-prod-toolkit,RCVolus,RCVolus/league-prod-toolkit,"Toolkit for League Productions with overlays for champion select, ingame events, end of game stats, and more",147,336,other,TypeScript,MIT,,https://github.com/RCVolus/league-prod-toolkit,broadcast|champ-select|graphics|in-game|league|league-of-legends|pick-ban|valo|valorant,2025-08-26T06:23:00Z
The-Wordle-Game,hoangsonww,hoangsonww/The-Wordle-Game,"ğŸ¯ An interactive Wordle full-stack game built with Express.js, React, and Tailwind CSS, featuring smooth animations and a responsive design. The backend is powered by a serverless Express API for random-word and validity checks, complete with Swagger docs and seamless Vercel deployment.",21,336,other,TypeScript,MIT,https://the-wordle-game.vercel.app,https://github.com/hoangsonww/The-Wordle-Game,css|hooks|html|javascript|nextjs|react|reactjs|side-effects|typescript|useeffect|vercel|vite|web|web-app|web-development|wordle|wordle-clone|wordle-game|wordlist,2025-08-01T22:55:04Z
egjs-view3d,naver,naver/egjs-view3d,Fast & customizable 3D model viewer for everyone,213,333,other,TypeScript,MIT,https://naver.github.io/egjs-view3d,https://github.com/naver/egjs-view3d,3d|ar|egjs|gltf|threejs|typescript|webxr,2023-02-28T06:57:27Z
webxash3d-fwgs,yohimik,yohimik/webxash3d-fwgs,Emscripten Xash3d-FWGS web port,124,323,other,TypeScript,MIT,,https://github.com/yohimik/webxash3d-fwgs,counter-strike|emscripten|game-engine|half-life|javascript|typescript|wasm|web|xash3d|xash3d-fwgs,2025-08-25T19:55:16Z
tiny-dungeon-online,tiny-devs,tiny-devs/tiny-dungeon-online,The FIRST Deno based online RPG!,61,323,multiplayer,TypeScript,MIT,https://diguifi.itch.io/tiny-land,https://github.com/tiny-devs/tiny-dungeon-online,deno|game|hacktoberfest|hacktoberfest2022|mmorpg|online|rpg|rpg-game|tiny|typescript|websocket|ws,2025-08-18T22:20:40Z
rubiks-cube,Aaron-Bird,Aaron-Bird/rubiks-cube,A 3D Rubik's Cube game by Three.js and TypeScript.,142,322,other,TypeScript,MIT,https://aaron-bird.github.io/rubiks-cube/,https://github.com/Aaron-Bird/rubiks-cube,3d-game|3x3x3|rubiks-cube|three-js|typescript,2025-08-06T09:11:49Z
angular-rpg,justindujardin,justindujardin/angular-rpg,"RPG game built with Typescript, Angular, Immutable.js, ngrx/store, and rxjs",163,313,other,TypeScript,MIT,https://angular-rpg.netlify.app/,https://github.com/justindujardin/angular-rpg,angular|final-fantasy|game-development|immutablejs|ngrx|ngrx-effects|ngrx-store|rpg-game|rxjs|typescript,2024-07-06T21:57:21Z
splat-transform,playcanvas,playcanvas/splat-transform,CLI tool for 3D Gaussian splat format conversion and transformation,102,312,other,TypeScript,MIT,https://playcanvas.com,https://github.com/playcanvas/splat-transform,3d-gaussian-splatting|cli|gaussian-splatting|playcanvas|supersplat|typescript,2025-08-26T09:22:36Z
doodlecricket.github.io,doodlecricket,doodlecricket/doodlecricket.github.io,Doodle Cricket and Other Google Doodle Games,107,311,maze,JavaScript,MIT,https://doodlecricket.github.io,https://github.com/doodlecricket/doodlecricket.github.io,2048|baseball|cricket|doodle|game|halloween|play,2025-08-11T01:51:18Z
Edelweiss,felixmariotto,felixmariotto/Edelweiss,Platformer game,310,310,platformer,JavaScript,CC0-1.0,,https://github.com/felixmariotto/Edelweiss,,2022-12-12T03:33:13Z
zoompinch,ElyaConrad,ElyaConrad/zoompinch,"Apply a pinch-and-zoom experience thatâ€™s feels native, communicates the transform reactively and lets you project any layer on top of the transformed canvas.",126,306,other,TypeScript,MIT,https://zoompinch.pages.dev,https://github.com/ElyaConrad/zoompinch,pan-gesture|pinch-technology|pinch-to-zoom|pinch-zoom|rotate|rotate-image|rotated-object|typescript|vue|vuejs|vuejs3|zoom|zoom-images,2025-04-24T16:02:13Z
canvas-ui,alibaba,alibaba/canvas-ui,UI Renderer runs on top of the HTML5 Canvas,182,305,other,TypeScript,MIT,https://alibaba.github.io/canvas-ui/,https://github.com/alibaba/canvas-ui,canvas|react|typescript,2025-06-30T13:43:29Z
TeXnique,akshayravikumar,akshayravikumar/TeXnique,A LaTeX Typesetting Game,255,305,other,JavaScript,MIT,https://texnique.xyz,https://github.com/akshayravikumar/TeXnique,,2025-03-31T05:22:44Z
kayn,cnguy,cnguy/kayn,superagent-inspired Node.js lib (w/ **some** TypeScript support) for accessing Riot's League of Legend's API (discord: cnguy#3614),135,305,other,JavaScript,MIT,,https://github.com/cnguy/kayn,api|callbacks|javascript|javascript-riot-api-wrapper|league|league-api|leagueoflegends|nodejs|nodejs-api|nodejs-riot-api-wrapper|promises|riot|riot-games-api|typescript|typescript-definitions|wrapper|wrapper-api,2022-12-09T01:16:35Z
player,Next2D,Next2D/player,"Next2D Player supports WebGL and OffscreenCanvas, enabling advanced graphical expression. It can also be used in game production, advertisement production, and other scenes requiring rich expressions without having to deal with browser or device compatibility.",52,304,strategy,TypeScript,MIT,https://next2d.app,https://github.com/Next2D/player,game|game-2d|game-developement|game-development|game-engine-2d|gamedev|next2d|offscreencanvas|typescript|webgl|webgl2,2025-08-19T03:08:52Z
caviar,load1n9,load1n9/caviar,"âš¡ Blazing fast, modern, Game Engine powered by WebGPU for Deno and the browser",164,304,other,TypeScript,MIT,https://caviarengine.netlify.app/,https://github.com/load1n9/caviar,collaborate|deno|game-development|game-engine|gpu|gui|typescript|webgpu|wgpu,2024-11-05T05:20:34Z
DuckEngine,art-emini,art-emini/DuckEngine,A 2D Game Engine for the web.,111,301,other,TypeScript,MIT,https://art-emini.github.io/DuckEngine/,https://github.com/art-emini/DuckEngine,2d|engine|fast|framework|game|game-development|game-engine|game-framework|javascript-game-engine|js-game-engine|library|npm|simple|typescript,2023-08-25T02:14:11Z
game_with_cocosCreater,yl1033669613,yl1033669613/game_with_cocosCreater,å­¦ä¹ cocosCreatorå¼€å‘çš„å°æ¸¸æˆï¼Œæœ‰è´ªåƒè›‡ï¼Œflappy birdï¼Œ 2048ç­‰,261,301,maze,JavaScript,MIT,,https://github.com/yl1033669613/game_with_cocosCreater,cocoscreator|cocoscreator-wx|demo|game,2020-06-22T08:23:55Z
dao-2048,DaoCloud,DaoCloud/dao-2048,2048 is a number puzzle game.,220,300,maze,JavaScript,MIT,http://daocloud.github.io/dao-2048/,https://github.com/DaoCloud/dao-2048,2048|2048-game|kubernetes,2025-04-21T08:34:37Z
deno_sdl2,littledivy,littledivy/deno_sdl2,SDL2 module for Deno,178,298,other,TypeScript,MIT,https://jsr.io/@divy/sdl2,https://github.com/littledivy/deno_sdl2,canvas|deno|gfx|gui|sdl2|typescript|webgpu,2025-02-05T18:17:37Z
minigame-api-typings,wechat-miniprogram,wechat-miniprogram/minigame-api-typings,Type definitions for APIs of Wechat Mini Game in TypeScript,151,293,other,TypeScript,MIT,https://developers.weixin.qq.com/minigame/dev/guide/,https://github.com/wechat-miniprogram/minigame-api-typings,,2025-08-18T12:48:37Z
epic-free-games,AuroPick,AuroPick/epic-free-games,Wrapper to fetching weekly free games with Epic Games API,50,291,other,TypeScript,MIT,https://www.npmjs.com/package/epic-free-games,https://github.com/AuroPick/epic-free-games,axios|epic|epic-free-games|epic-games|epicgames|free|free-games|games|javascript|js|node|nodejs|ts|typescript|wrapper,2025-06-28T16:54:27Z
Wolfensvelte-3D,snuffyDev,snuffyDev/Wolfensvelte-3D,"Wolfenstein 3D, reimagined in Svelte - rendered with the DOM",161,291,other,TypeScript,Unlicense,https://wolfensvelte-3d.vercel.app/,https://github.com/snuffyDev/Wolfensvelte-3D,css|game|hackathon|html|svelte|sveltehack|typescript|wolfenstein-3d,2023-11-08T16:44:40Z
FullScreenPokemon,FullScreenShenanigans,FullScreenShenanigans/FullScreenPokemon,"A free HTML5 remake of the original Pokemon, expanded for modern browsing.",221,291,other,TypeScript,MIT,,https://github.com/FullScreenShenanigans/FullScreenPokemon,fullscreenmario|game|gamestartr|html5-remake|javascript|pokemon|typescript,2023-03-05T05:31:13Z
WebFamily,weekCodeing,weekCodeing/WebFamily,ã€æ¯æ—¥å­¦ä¹ æ‰“å¡come onã€‘ä¸€ä»½æ¶µç›–å¤§éƒ¨åˆ†Webå‰ç«¯å¼€å‘ç¨‹åºå‘˜æ‰€éœ€è¦æŒæ¡çš„æ ¸å¿ƒçŸ¥è¯†ã€‚å‰ç«¯æŠ€æœ¯åšå®¢ä»“åº“ï¼ŒVue æºç è§£æï¼ŒReact æ·±åº¦å®è·µï¼ŒTypeScript è¿›é˜¶è‰ºæœ¯ï¼Œå·¥ç¨‹åŒ–ï¼Œæ€§èƒ½ä¼˜åŒ–å®è·µâ€¦â€¦,169,289,other,JavaScript,Apache-2.0,https://1024bibi.com/,https://github.com/weekCodeing/WebFamily,css|css3|dadaqianduan|html|html5|javascritpt|vue,2021-11-13T12:40:52Z
noita-tools,TwoAbove,TwoAbove/noita-tools,A collection of tools for Nolla Game's Noita that help get insight into seeds and find ones with special constraints.,81,287,other,TypeScript,MIT,https://www.noitool.com/,https://github.com/TwoAbove/noita-tools,emscripten|noita|react|typescript|wasm|webassembly|webworker,2025-08-12T23:51:00Z
mnswpr,mordv,mordv/mnswpr,ğŸ’£ Minesweeper game for your terminal,163,283,digging,TypeScript,MIT,,https://github.com/mordv/mnswpr,cli|cli-app|fun|game|ink|nodejs|npm-package|react|reactjs|terminal|terminal-game|typescript,2022-04-22T15:32:30Z
slither,littensy,littensy/slither,ğŸ A casual game with a soothing Catppuccin color palette,172,282,other,TypeScript,MIT,https://www.roblox.com/games/14162747150,https://github.com/littensy/slither,catppuccin|game|react|roblox|roblox-ts|typescript,2025-05-14T04:30:40Z
muse,moefront,moefront/muse,ğŸ§ All you need is a simple and diligent HTML 5 music player written in React.,88,280,other,TypeScript,MIT,https://github.com/moefront/muse,https://github.com/moefront/muse,audio|html5|mobx|muse|player|react|redux|typescript,2025-07-19T09:31:07Z
oneforall,Prozi,Prozi/oneforall,"PIXI v8, v7, v6 compatible: inspired by Unity, reactive Game Framework: GameObject, StateMachine, CircleBody, PolygonBody, Physics, Sprite, Container, Animator, TextureAtlas, Resources loading",10,280,other,TypeScript,MIT,https://prozi.github.io/oneforall/,https://github.com/Prozi/oneforall,animator|collision-detection|collision-handling|container|framework|game-engine|game-engine-2d|game-object|physics|prefab|reactive|scene|sprite|state-machine|test-driven-development|typescript|typescript-framework|unity|unity2d|webgl,2025-06-07T11:52:36Z
cocos-game-framework,fkworld,fkworld/cocos-game-framework,cocos-creatoræ¸¸æˆæ¡†æ¶ï¼Œtypescriptç‰ˆæœ¬ã€‚,249,279,other,TypeScript,MIT,,https://github.com/fkworld/cocos-game-framework,cocos-creator|game-framework|typescript,2022-12-14T08:46:53Z
dva-engine,hmmhmmhm,hmmhmmhm/dva-engine,ğŸ® Advanced Script Engine for Overwatch Workshop with Typescript,119,279,other,TypeScript,MIT,https://codesandbox.io/s/github/hmmhmmhm/dva-engine-codesandbox,https://github.com/hmmhmmhm/dva-engine,game|javascript|nodejs|overwatch|overwatch-workshop|ows|ruleset|typescript|typescript-interface|workshop|workshop-functions,2022-07-07T10:55:41Z
ngx-store,zoomsphere,zoomsphere/ngx-store,"Angular decorators to automagically keep variables in HTML5 LocalStorage, SessionStorage, cookies; injectable services for managing and listening to data changes and a bit more.",169,279,other,TypeScript,ISC,https://www.npmjs.com/package/ngx-store,https://github.com/zoomsphere/ngx-store,angular|cookies|decorators|localstorage|sessionstorage|typescript,2021-10-19T14:14:40Z
mistreevous,nikkorn,nikkorn/mistreevous,A tool to build and execute behaviour trees in JavaScript and TypeScript,100,277,other,TypeScript,MIT,,https://github.com/nikkorn/mistreevous,ai|artificial-intelligence|behavior-tree|behaviour|behaviour-tree|behaviour-trees|game|gamedev|javascript|library|tree,2025-07-24T11:33:47Z
minecraft-scripting-samples,microsoft,microsoft/minecraft-scripting-samples,Contains various samples of GameTest Framework JavaScript + Minecraft Bedrock Edition,196,276,digging,TypeScript,MIT,,https://github.com/microsoft/minecraft-scripting-samples,,2025-08-06T12:46:15Z
typed-screeps,screepers,screepers/typed-screeps,Strong TypeScript declarations for the game Screeps.,197,275,other,TypeScript,MIT,,https://github.com/screepers/typed-screeps,,2025-08-05T02:30:52Z
phaser-template,remarkablegames,remarkablegames/phaser-template,ğŸ•¹ï¸ Phaser game template,14,274,other,TypeScript,MIT,http://remarkablegames.org/phaser-template/,https://github.com/remarkablegames/phaser-template,javascript|phaser|phaser-boilerplate|phaser-framework|phaser-game|phaser-games|phaser-template|remarkablegames|typescript|web|website,2025-08-26T16:32:31Z
miro-clone,sanidhyy,sanidhyy/miro-clone,"Revolutionary Miro clone: Real-time collaboration, versatile canvas, rich media, secure.",64,274,other,TypeScript,MIT,https://clone-miro.vercel.app/,https://github.com/sanidhyy/miro-clone,convex|css|html|javascript|js|liveblocks|next|nextjs|radix-ui|react|shadcn|shadcn-ui|tailwind|tailwindcss|ts|typescript,2024-12-19T16:26:31Z
movex,movesthatmatter,movesthatmatter/movex,Serverless Multiplayer Infrastructure for JavaScript Games. Private State | Real Time | Server Authoritative | Open Source,63,273,multiplayer,TypeScript,MIT,https://movex.dev,https://github.com/movesthatmatter/movex,frontend|game-development|hacktoberfest|hacktoberfest-2024|hacktoberfest-accepted|hacktoberfest2024|infrastructure|javascript|multiplayer|multiplayer-game-server|react|reactjs|serverless|socket-programming|state-management|typescript,2025-01-31T14:17:05Z
nesemu,tyfkda,tyfkda/nesemu,NES Emulator written in TypeScript,73,272,other,TypeScript,MIT,https://tyfkda.github.io/nesemu/,https://github.com/tyfkda/nesemu,famicom-disk-system|family-basic|gamepad|nes-emulator|spectrum-analyzer|typescript,2025-08-16T03:43:34Z
minecraft-openai,manekinekko,manekinekko/minecraft-openai,Controlling a Minecraft NPC using OpenAI ğŸ¤–,122,272,digging,JavaScript,MIT,https://slides.com/wassimchegham/playing-minecraft-artificial-intelligence-open-ai-gpt-3-javascript,https://github.com/manekinekko/minecraft-openai,ai|artificial-intelligence|game|gpt-3|minecraft|mineflayer|mineflayer-bot|mineflayer-pathfinder|npc|openai,2022-04-27T10:13:42Z
jojo-cards,mvximenko,mvximenko/jojo-cards,Card game based on Jojo's Bizarre Adventure (ã‚¸ãƒ§ã‚¸ãƒ§ã®å¥‡å¦™ãªå†’é™º),119,269,driving,TypeScript,MIT,https://jojo-cards.onrender.com,https://github.com/mvximenko/jojo-cards,anime|card-game|card-games|cards|jojo|manga|memory-game|react|styled-components|typescript,2021-12-10T16:23:21Z
collidingScopes.github.io,collidingScopes,collidingScopes/collidingScopes.github.io,"Turn photos into kaleidoscope animations using JS / HTML, directly in the browser",18,268,other,JavaScript,MIT,https://collidingscopes.github.io/,https://github.com/collidingScopes/collidingScopes.github.io,album-art|album-artwork|animation|art|canvas|free|generative|generative-art|generator|html|image|image-processing|javascript|js|kaleidoscope|manipulation|real-time|spotify|spotify-canvas|video,2025-03-17T14:09:01Z
tega,francisrstokes,francisrstokes/tega,ğŸ•¹ TypeScript Embedded GameBoy Macro Assembler,268,268,other,TypeScript,MIT,,https://github.com/francisrstokes/tega,,2023-03-11T13:31:54Z
ergoudan,armomu,armomu/ergoudan,"Havok physics character controller using Babylon.jsï¼ŒAchieved walking, climbing stairs and up and down slopes",66,265,other,TypeScript,MIT,https://armomu.github.io/ergoudan/,https://github.com/armomu/ergoudan,babylonjs|babylonjs-character-controller|babylonjs-game|physics-character-controller|third-person-controller,2025-08-26T02:23:15Z
wall-go,schaoss,schaoss/wall-go,Browser remake of â€œWall Goâ€ â€“ the 7Ã—7 wall-building strategy game from Devilâ€™s Plan 2,26,264,strategy,TypeScript,MIT,https://schaoss.github.io/wall-go/,https://github.com/schaoss/wall-go,board-game|browser-game|bun|devils-plan|game|react|strategy-game|tailwindcss|typescript|vite|vitest|wall-go|zustand,2025-07-15T07:03:48Z
WikiSpeedrun,B0und,B0und/WikiSpeedrun,Wikipedia Speedrun Game ,103,262,other,TypeScript,MIT,https://wikispeedrun.org,https://github.com/B0und/WikiSpeedrun,reactjs|typescript,2025-08-15T09:24:48Z
miitvip-canvas-demo,lirongtong,lirongtong/miitvip-canvas-demo,:fire: æ¶‚é¸¦ç™½æ¿ - :collision: é‡‡ç”¨ç¦»å±æ¸²æŸ“æ–¹å¼æ¥å®ç°å„ç§æ¶‚é¸¦å·¥å…·çš„ç»˜åˆ¶ï¼Œé¡ºæ»‘æµç•…çš„é©¬å…‹ç¬”ï¼Œæ”¯æŒåœ†å½¢ / çŸ©å½¢ / ç®­å¤´ / ç›´çº¿ç­‰å„ç±»å¸¸ç”¨å›¾å½¢å·¥å…·ã€‚:boom: æ”¯æŒæ— é™æ‹–æ‹½ç”»å¸ƒï¼Œæ¿€å…‰ç¬”ï¼Œæ©¡çš®æ“¦ï¼Œæ–‡æœ¬ï¼Œæ’¤é”€ï¼Œæ¢å¤ç­‰å„å¼å„æ ·çš„åŸºç¡€åŠŸèƒ½ã€‚:dart: éå¼€æºç‰ˆæœ¬ä»…æä¾›ä½“éªŒåœ°å€ï¼Œå…·ä½“å°†é›†æˆä¼šè®®ç®¡ç† / ç”¨æˆ·ç®¡ç† / æƒé™ç®¡ç† / åœ¨çº¿èŠå¤©ç­‰ï¼Œç„•ç„¶ä¸€æ–°çš„ UI ç•Œé¢ :sweat_drops:,131,261,other,TypeScript,MIT,https://canvas.makeit.vip,https://github.com/lirongtong/miitvip-canvas-demo,canvas|demo|makeit|makeit-canvas|makeit-meeting|miitvip|typescript|vue,2024-08-07T07:23:55Z
alphago-zero-tictactoe-js,grimmerk,grimmerk/alphago-zero-tictactoe-js,A TypeScript game framework based on AlphaZero/TensorFlow.js runs in browser to demonstrate tic-tac-toe AI game. Use a pre-trained model or train from scratch. Ported from suragnair/alpha-zero-general (Python),40,260,driving,TypeScript,MIT,https://grimmer.io/alphago-zero-tictactoe-js/,https://github.com/grimmerk/alphago-zero-tictactoe-js,alphazero|browser|cnn|create-react-app|deep-learning|game|javascript|monte-carlo-tree-search|neural-network|numjs|reactjs|reinforcement-learning|semantic-ui|skip-resnet-implementation|tic-tac-toe|tictactoe|typescript,2025-03-07T17:40:55Z
memory,taniarascia,taniarascia/memory,â­ â€ JavaScript Memory Game.,119,259,other,JavaScript,MIT,https://taniarascia.github.io/memory,https://github.com/taniarascia/memory,app|css|game|game-dev|javascript|mario|plain-js|super-mario|vanilla-js,2020-06-12T06:41:19Z
beetpx,beetrootpaul,beetrootpaul/beetpx,A TypeScript framework for pixel art browser games,18,258,other,TypeScript,MIT,https://beetpx.dev,https://github.com/beetrootpaul/beetpx,2d|2d-game|2d-game-engine|browsergames|game-development|game-engine|game-framework|gamedev|gameengine|gameframework|lo-fi|lofi|low-resolution|lowres|pico-8|pixel-art|pixelart|pixelart-game|typescript,2025-03-23T13:48:37Z
Web-Osu-Mania,HecticKiwi,HecticKiwi/Web-Osu-Mania,Play osu!mania beatmaps in Your browser.,36,256,other,TypeScript,MIT,https://webosumania.com,https://github.com/HecticKiwi/Web-Osu-Mania,game|javascript|nextjs|osu|pixi|react|rhythm-game|typescript,2025-08-17T01:24:39Z
chessbot,Piterden,Piterden/chessbot,"PvP chess bot for the Telegram messenger. Bot is inline, type @chessy_bot in any chat in the Telegram.",106,256,strategy,JavaScript,MIT,http://t-do.ru/chessy_bot,https://github.com/Piterden/chessbot,bot|chess|chess-board|chess-game|game|inline-keyboard|inline-message|pvp|pvp-chess-bot|telegram,2023-11-14T02:50:24Z
retroflightsim,ruben3d,ruben3d/retroflightsim,Attempt to replicate the visuals of late 80s / early 90s flight simulators,126,256,other,TypeScript,MIT,https://ruben3d.github.io/retroflightsim/dist,https://github.com/ruben3d/retroflightsim,3d|flightsim|game|retrogaming|threejs|typescript|web|webgl,2023-05-10T17:25:37Z
nuzlocke,diballesteros,diballesteros/nuzlocke,Nuzlocke Tracker - online app to record and track your pokÃ©mon nuzlocke progress and encounters. The tracker supports all pokemon up to generation 8.,22,254,strategy,TypeScript,BSD-3-Clause,https://nuzlocke.netlify.app,https://github.com/diballesteros/nuzlocke,cypress|game|nuzlocke|nuzlocke-tracker|nuzlocketracker|pokemon|pwa|react|typescript|webapp|zustand,2025-07-29T16:44:55Z
javascript-tiny-platformer,jakesgordon,jakesgordon/javascript-tiny-platformer,A very minimal javascript platform game,188,252,platformer,JavaScript,MIT,https://jakesgordon.com/writing/tiny-platformer/,https://github.com/jakesgordon/javascript-tiny-platformer,,2025-06-01T22:09:28Z
visual-ts-game-engine,zlatnaspirala,zlatnaspirala/visual-ts-game-engine,"Typescript project based on matter.ts, used webpack, GamePlay based on canvas2D. Multiplayer real time for platformer gameplay. Video chat webRTC supported by kurento OV server signalling. RocketCraftingServer used for account session. Node.js for server part. Powerfull ! Â®zlatnaspirala",22,252,platformer,JavaScript,MIT,https://maximumroulette.com,https://github.com/zlatnaspirala/visual-ts-game-engine,canvas2d|game-development|game-engine|gameplay|javascript|matter-js|mongodb|multiplayer|openvidu|session|session-staff|standalone-videochat|typescript|video-chat|visual-js|visual-ts|webrtc|websocket,2025-02-13T00:09:02Z
shacl-form,ULB-Darmstadt,ULB-Darmstadt/shacl-form,HTML5 web component for editing/viewing RDF data that conform to SHACL shapes,50,250,other,TypeScript,MIT,https://ulb-darmstadt.github.io/shacl-form/,https://github.com/ULB-Darmstadt/shacl-form,editor|rdf|shacl|validation|viewer,2025-08-26T08:34:47Z
babylonjs-webpack-es6,RaananW,RaananW/babylonjs-webpack-es6,"Babylon.js basic scene with typescript, webpack, es6 modules, editorconfig, eslint, hot loading and more. Will even make coffee if you ask nicely.",199,249,other,TypeScript,Apache-2.0,,https://github.com/RaananW/babylonjs-webpack-es6,babylonjs|sample-project|typescript|webgl|webpack,2025-04-15T12:41:52Z
mapbox-gl-interpolate-heatmap,vinayakkulkarni,vinayakkulkarni/mapbox-gl-interpolate-heatmap,(IDW) Interpolated Heatmap Layer for mapbox-gl,27,247,other,TypeScript,MIT,https://vinayakkulkarni.github.io/mapbox-gl-interpolate-heatmap/,https://github.com/vinayakkulkarni/mapbox-gl-interpolate-heatmap,heatmap|idw|interpolate|javascript|mapbox-gl-js|typescript|webgl,2025-08-26T10:45:35Z
xiangqi.js,lengyanyu258,lengyanyu258/xiangqi.js,"A Javascript Chinese chess/cchess/Xiangqi library for Xiangqi move generation/validation, piece placement/movement, and check/checkmate/draw detection",35,246,strategy,JavaScript,BSD-2-Clause,https://lengyanyu258.github.io/xiangqiboardjs/examples.html#5002,https://github.com/lengyanyu258/xiangqi.js,cchess|chinese-chess|javascript|javascript-game|javascript-library|js|xiangqi,2025-08-17T09:07:47Z
AntiPacMan,vmikhav,vmikhav/AntiPacMan,HTML5 Pac-Man game with gesture recognition,86,246,other,JavaScript,MIT,https://vmikhav.itch.io/antipacman,https://github.com/vmikhav/AntiPacMan,arcade|arcade-game|game|game-2d|game-off|gameoff2017|gameplay|gesture-recognition|githubgameoff|html5-game|pacman,2020-05-22T05:04:23Z
saber,DipokalLab,DipokalLab/saber,ğŸ—¡ï¸ An interactive lightsaber simulator built with three.js,36,244,other,TypeScript,MIT,https://saber.fleet.im,https://github.com/DipokalLab/saber,game|react|shadcn-ui|simmulation|tailwindcss|threejs|typescript|vite|webgame,2025-07-25T11:44:32Z
t5c,orion3dgames,orion3dgames/t5c,Building a open source multiplayer 3d rpg using babylon.js and colyseus,144,244,multiplayer,TypeScript,MIT,https://t5c.onrender.com,https://github.com/orion3dgames/t5c,babylonjs|colyseus|multiplayer|rpg|typescript,2025-05-12T23:57:47Z
zCanvas,igorski,igorski/zCanvas,"JavaScript library for interacting with HTMLCanvasElement ""content"" by exposing it as separately animatable, interactive objects. Mobile friendly and useful as a lightweight game rendering engine.",28,243,other,TypeScript,MIT,,https://github.com/igorski/zCanvas,blitter|engine|game|game-engine|game-engine-2d|javascript-library|offscreen-rendering|offscreencanvas|renderer|rendering|typescript|webgame,2025-08-21T15:21:16Z
waveplayer,michaeldzjap,michaeldzjap/waveplayer,An HTML5 based audio player with a waveform view,84,238,other,TypeScript,MIT,,https://github.com/michaeldzjap/waveplayer,audio|audio-player|html5|html5-canvas|javascript|mp3|playback-audio|playlist|typescript|wav|waveform,2025-07-01T14:40:38Z
ng3-vr-examples,IRobot1,IRobot1/ng3-vr-examples,VR examples using @angular-three,18,238,other,TypeScript,MIT,https://ng3vr.z9.web.core.windows.net/,https://github.com/IRobot1/ng3-vr-examples,3d|angular|angular-three|augmented-reality|cannon-es|dagre|directed-graph|lil-gui|ngraph|svg|svg-icons|threejs|typescript|virtual-reality|vr|webgl|webxr,2023-02-15T14:16:54Z
phaser3-simple-rpg,pierpo,pierpo/phaser3-simple-rpg,A simple Phaser3 RPG using Typescript âš”ï¸,125,235,other,TypeScript,MIT,https://pierpo.github.io/phaser3-simple-rpg/,https://github.com/pierpo/phaser3-simple-rpg,gamedev|phaser|phaser3|rpg|tiled-map-editor|typescript,2022-12-10T17:04:42Z
nextjs-minesweeper-game,guysuvijak,guysuvijak/nextjs-minesweeper-game,"A simple implementation of the classic Minesweeper game built with Next.js. This project showcases the use of React components and modern front-end development techniques. Players can enjoy the Minesweeper game experience directly in their browser, with a clean and responsive UI.",14,234,digging,TypeScript,MIT,https://nextjs-minesweeper-game.vercel.app,https://github.com/guysuvijak/nextjs-minesweeper-game,client-side|frontend|game|game-development|game-nft|magic-ui|minesweeper|minesweeper-game|nextjs|no-database|open-source|solana|static-site|typescript|web3|website|zustand,2025-03-24T01:55:53Z
ChessBot,pkozlov,pkozlov/ChessBot,"A multiplayer chess Telegram Mini App where users can choose their side, create games, share links with opponents, and receive real-time notifications on game progress. Anyone with the link can watch the ongoing competition.",54,234,strategy,TypeScript,MIT,https://t.me/ChessContestBot,https://github.com/pkozlov/ChessBot,expressjs|react|socket-io|telegraf|telegram|telegram-api|telegram-bot|telegram-bots|telegram-contest|telegram-mini-app|telegram-miniapp-contest-2023|telegram-web-app|telegrambot,2024-04-16T06:48:20Z
fifa-api,sauravhiremath,sauravhiremath/fifa-api,React + Node.js + socket.io -- Multiplayer Game server,104,234,multiplayer,JavaScript,MIT,https://fifa.sauravmh.com,https://github.com/sauravhiremath/fifa-api,game|hacktoberfest|javascript|mongodb|nodejs|react-router|reactjs|socket-io,2023-03-05T22:48:36Z
Dashactyl,Votion-Development,Votion-Development/Dashactyl,A client area/dashboard for the Pterodactyl Game Panel,102,232,other,TypeScript,MIT,https://docs.votion.dev/,https://github.com/Votion-Development/Dashactyl,client|dashactyl|pterodactyl|pterodactyl-api|pterodactyl-client|react|remix-run|typescript,2023-12-09T00:09:49Z
TheGlobe,cosimo,cosimo/TheGlobe,"The Globe, a Typescript + WebGL live 3D Earth traffic visualization",22,231,other,TypeScript,BSD-3-Clause,https://cosimo.github.io/TheGlobe/,https://github.com/cosimo/TheGlobe,earth|globe|glsl|live|threejs|typescript|webgl,2025-08-16T02:50:52Z
wordlines,nalinbhardwaj,nalinbhardwaj/wordlines,Mobile ZK Puzzle Game with NFT rewards,191,231,maze,JavaScript,MIT,,https://github.com/nalinbhardwaj/wordlines,ethereum|game|solidity|zero-knowledge,2021-08-30T18:32:48Z
s2ts,Peterclark1996,Peterclark1996/s2ts,A bundler for Counter Strike 2 that compiles TypeScript projects into .vts_c files for map and game mode creators.,35,230,other,TypeScript,MIT,https://s2ts.net/,https://github.com/Peterclark1996/s2ts,counter-strike|counter-strike-2|cs2|source-2|source-2-cs|typescript,2025-08-11T23:00:09Z
gamehub-backlog,goncalojbsousa,goncalojbsousa/gamehub-backlog,GameHub Backlog is a game backlog tracker designed to help you keep track of your ever-growing library of video games.,11,229,other,TypeScript,Apache-2.0,https://gamehubbacklog.vercel.app/,https://github.com/goncalojbsousa/gamehub-backlog,igdb-api|nextjs|postgres|prisma|react|tailwind|typescript,2025-08-25T01:17:45Z
chess-com-insights,thieleju,thieleju/chess-com-insights,â™Ÿï¸ Browser Extension - Shows Win/Lose/Draw and average accuracy stats for games on chess.com,12,228,strategy,TypeScript,ISC,https://chrome.google.com/webstore/detail/chesscom-insights/mobpnhbkmljienoleojnhbfhkhodpffe,https://github.com/thieleju/chess-com-insights,chess|chess-com|chrome-extension|crxjs|typescript|vite|vue3|vuetify3,2025-08-12T08:43:43Z
editor-mcp-server,playcanvas,playcanvas/editor-mcp-server,MCP Server for AI automation of the PlayCanvas Editor,60,228,other,TypeScript,MIT,,https://github.com/playcanvas/editor-mcp-server,javascript|mcp|mcp-server|playcanvas|typescript|vibe-coding|webgl|webgpu|webxr,2025-08-04T10:59:01Z
inks2d,NicklessOne,NicklessOne/inks2d,A free no-dependency Typescript game engine designed for developing 2D games,47,227,other,TypeScript,MIT,https://inkasadev.github.io/inks2d/,https://github.com/NicklessOne/inks2d,2d|canvas|game|game-development|game-frameworks|gamedev|html5|html5-game-development|inks2d|javascript|physics|tweens|typescript,2023-08-23T23:27:49Z
steam-microtransaction-api,jasielmacedo,jasielmacedo/steam-microtransaction-api,"An intermediate api to handle steam microtransactions using steam web services. Ready to use with Unity, Unreal, Godot and so on",55,225,other,TypeScript,MIT,https://jasielmacedo.github.io/steam-microtransaction-api/,https://github.com/jasielmacedo/steam-microtransaction-api,api|games|in-game-purchase|microtransactions|steam|steamworks|steamworks-api|steamworks-net|typescript|unity,2025-06-08T00:16:58Z
react-paint,pengfeiw,pengfeiw/react-paint,windows ç”»æ¿ â€”â€” Microsoft Paint,125,225,other,TypeScript,MIT,https://pengfeiw.github.io/minicode/react-paint,https://github.com/pengfeiw/react-paint,canvas|paint|react|reactjs|typescript,2022-07-15T23:03:17Z
mdx-m3-viewer,flowtsohg,flowtsohg/mdx-m3-viewer,A WebGL viewer for MDX and M3 files used by the games Warcraft 3 and Starcraft 2 respectively.,148,223,other,TypeScript,MIT,,https://github.com/flowtsohg/mdx-m3-viewer,,2025-08-01T07:33:43Z
template-react-ts,phaserjs,phaserjs/template-react-ts,A Phaser 3 TypeScript project template that demonstrates React communication and uses Vite for bundling,157,222,other,TypeScript,MIT,,https://github.com/phaserjs/template-react-ts,phaser|phaser3|phaserj3|react|typescript|vite,2025-05-23T16:11:22Z
condo-rentals,SammyLeths,SammyLeths/condo-rentals,"Condo Rentals is a real estate listing marketplace for short let and long term homestay experiences inspired by Airbnb. Developed using React, NextJS, TypeScript, Tailwind CSS, Prisma, MongoDB, Leaflet, Cloudinary, Axios, NPM, Autoprefixer, PostCSS and HTML5.",12,222,other,TypeScript,MIT,https://condo-rentals.vercel.app/,https://github.com/SammyLeths/condo-rentals,axios|cloudinary|frontend-development|javascript|leafletjs|mongodb|next|nextjs|npm|prisma|react|reactjs|tailwind|tailwindcss|typescript|typescript-react,2025-03-08T12:31:11Z
progress-knight,ihtasham42,ihtasham42/progress-knight,An idle game built with JavaScript,152,222,clicker,JavaScript,Unlicense,,https://github.com/ihtasham42/progress-knight,css|game|html|idle|idle-game|incremental-game|javascript,2023-08-20T22:21:36Z
f1-22-udp,raweceek-temeletry,raweceek-temeletry/f1-22-udp,UDP telemetry parser for the Codemasters F1 22 game,50,220,other,TypeScript,MIT,https://www.npmjs.com/package/f1-22-udp,https://github.com/raweceek-temeletry/f1-22-udp,binary-parser|blazing|blazing-code|blazing-fast|blazingly-fast|eventemitter|f1|f1-22|f1-22-udp|nodejs-library|typescript-library|udp-client,2023-05-22T23:33:14Z
debug-stick,vytdev,vytdev/debug-stick,Working Debug Stick for Minecraft Bedrock 1.20+,17,219,digging,TypeScript,MIT,https://mcpedl.com/debug-stick,https://github.com/vytdev/debug-stick,addon|bedrock|debug-stick|gametest|minecraft|scripting,2025-08-19T02:46:00Z
web-components,playcanvas,playcanvas/web-components,Web Components for building declarative PlayCanvas applications,51,218,other,TypeScript,MIT,,https://github.com/playcanvas/web-components,custom-elements|declarative|dom|html|playcanvas|typescript|web-components,2025-08-23T23:42:28Z
2048-Game,SimonAKing,SimonAKing/2048-Game,:fish: Made just for fun. ,13,218,maze,JavaScript,Unlicense,https://tomotoes.com/2048,https://github.com/SimonAKing/2048-Game,2048-game|es6-javascript|game|jquery|less|webpack,2025-08-21T15:45:28Z
uncharted-waters-2,JohanLi,JohanLi/uncharted-waters-2,Browser-based remake of Uncharted Waters: New Horizons (å¤§èˆªæµ·æ™‚ä»£II),98,218,other,TypeScript,MIT,https://johan.li/uncharted-waters-2/,https://github.com/JohanLi/uncharted-waters-2,age-of-sail|browser-game|game|game-2d|rpg|sailing|typescript,2023-02-09T21:50:38Z
phaser3-typescript-starter-kit,josephmbustamante,josephmbustamante/phaser3-typescript-starter-kit,This repository contains the code necessary to start making a game in Phaser 3 using TypeScript.,98,218,other,TypeScript,MIT,https://www.youtube.com/channel/UCLzFt-NdfCm8WFKTyqD0yJw/,https://github.com/josephmbustamante/phaser3-typescript-starter-kit,phaser|phaser-boilerplate|phaser-tutorial|phaser3|tutorial|typescript|typescript-boilerplate,2023-01-06T01:48:51Z
phaser3-dungeon-crawler-starter,ourcade,ourcade/phaser3-dungeon-crawler-starter,A starter project for creating a Dungeon Crawler with Phaser 3,118,218,other,TypeScript,MIT,https://ourcade.co/templates/dungeon-crawler-starter,https://github.com/ourcade/phaser3-dungeon-crawler-starter,dungeon-crawler|game-development|phaser3|starter-project|typescript,2022-06-11T15:06:56Z
ass-html5,luxluth,luxluth/ass-html5,Display ASS/SSA subtitles for html video,17,216,other,TypeScript,MIT,https://asshtml5.luxluth.dev/,https://github.com/luxluth/ass-html5,aegisub|ass-subtitles|html-canvas|html5|javascript|libass|ssa-subtitles|subtitles|typescript,2025-07-16T19:12:24Z
angular-maze,changhuixu,changhuixu/angular-maze,A maze generator and path finder in Angular,13,213,maze,TypeScript,MIT,https://changhuixu.github.io/angular-maze/,https://github.com/changhuixu/angular-maze,algorithm|angular|canvas|canvas-animation|maze|maze-game|maze-generator|maze-solver|typescript,2025-07-17T21:29:16Z
card-dealer,theaccordance,theaccordance/card-dealer,A robust card-dealing JavaScript Class written in TypeScript,13,212,driving,TypeScript,MIT,,https://github.com/theaccordance/card-dealer,card-dealer|card-game|card-games|hacktoberfest|javascript|npm-module|npm-package|open-source|shuffle|typescript,2025-08-26T01:38:19Z